{
  "test_size": 903,
  "python_accuracy": 0.9534883720930233,
  "c_accuracy": 0.70874861572536,
  "match_rate": 0.7231450719822813,
  "per_class": {
    "apple.com": {
      "total": 99,
      "python_correct": 90,
      "c_correct": 80,
      "python_accuracy": 0.9090909090909091,
      "c_accuracy": 0.8080808080808081
    },
    "cisco.com": {
      "total": 99,
      "python_correct": 98,
      "c_correct": 76,
      "python_accuracy": 0.98989898989899,
      "c_accuracy": 0.7676767676767676
    },
    "cloudflare.com": {
      "total": 88,
      "python_correct": 88,
      "c_correct": 71,
      "python_accuracy": 1.0,
      "c_accuracy": 0.8068181818181818
    },
    "facebook.com": {
      "total": 85,
      "python_correct": 81,
      "c_correct": 48,
      "python_accuracy": 0.9529411764705882,
      "c_accuracy": 0.5647058823529412
    },
    "github.com": {
      "total": 82,
      "python_correct": 75,
      "c_correct": 54,
      "python_accuracy": 0.9146341463414634,
      "c_accuracy": 0.6585365853658537
    },
    "icloud.com": {
      "total": 95,
      "python_correct": 92,
      "c_correct": 72,
      "python_accuracy": 0.968421052631579,
      "c_accuracy": 0.7578947368421053
    },
    "netflix.com": {
      "total": 86,
      "python_correct": 81,
      "c_correct": 47,
      "python_accuracy": 0.9418604651162791,
      "c_accuracy": 0.5465116279069767
    },
    "nike.com": {
      "total": 101,
      "python_correct": 97,
      "c_correct": 62,
      "python_accuracy": 0.9603960396039604,
      "c_accuracy": 0.6138613861386139
    },
    "nvidia.com": {
      "total": 85,
      "python_correct": 79,
      "c_correct": 67,
      "python_accuracy": 0.9294117647058824,
      "c_accuracy": 0.788235294117647
    },
    "yahoo.com": {
      "total": 83,
      "python_correct": 80,
      "c_correct": 63,
      "python_accuracy": 0.963855421686747,
      "c_accuracy": 0.7590361445783133
    }
  }
}