{
  "classes": [
    "apple.com",
    "cisco.com",
    "cloudflare.com",
    "facebook.com",
    "github.com",
    "icloud.com",
    "netflix.com",
    "nike.com",
    "nvidia.com",
    "yahoo.com"
  ],
  "scaler_mean": [
    730.3478068232166,
    60.668143553389456,
    0.0,
    188.53788214443952,
    75.02326096588392,
    0.03895906716466316,
    344.88325210456355,
    75.1103234381923,
    0.06715131091184194,
    363.59658839167037,
    62.25299069561365,
    0.08669862120775822,
    336.2634027470093,
    59.24235711120957,
    0.13301730393623956
  ],
  "scaler_std": [
    502.92686147113733,
    26.055081556809306,
    1.0,
    213.45449295615884,
    27.285395597960708,
    0.16698136840284822,
    360.1523687649994,
    27.364913950007438,
    1.8578355778973494,
    347.64349695049305,
    21.9682630703326,
    0.7229811338438322,
    384.5787042401257,
    19.352413794007276,
    1.1996759223500848
  ],
  "feature_names": [
    "p1_ip_total_len",
    "p1_ip_ttl",
    "p1_inter_arrival_time",
    "p2_ip_total_len",
    "p2_ip_ttl",
    "p2_inter_arrival_time",
    "p3_ip_total_len",
    "p3_ip_ttl",
    "p3_inter_arrival_time",
    "p4_ip_total_len",
    "p4_ip_ttl",
    "p4_inter_arrival_time",
    "p5_ip_total_len",
    "p5_ip_ttl",
    "p5_inter_arrival_time"
  ]
}